rho_1,rho_2
0.7788753289940423,0.8924926325152979
