rho_1,rho_2
1.2658410798982145,0.7801212584900582
