rho_1,rho_2
1.4200468913191062,0.7642416850186474
