S_p_aster,L_p_aster,I_p_aster,S_v_aster,I_v_aster
0.6498337985345742,0.0770358674620057,0.27313033400342,0.10246969661777765,0.2522217232022134
