S_p_aster,L_p_aster,I_p_aster,S_v_aster,I_v_aster
42.06171237407377,21.464659529398865,36.473628096527364,0.06313016313205241,0.056517303893650866
