S_p_aster,L_p_aster,I_p_aster,S_v_aster,I_v_aster
0.844385870171192,0.08573396714642599,0.06988016268238195,1.3017014214696045,0.14463525332207347
