beta_p,r_1,b,r_2,beta_v,theta,mu,gamma,sigma_L,sigma_I,sigma_v,N_v,N_p,epsilon
0.9293034372886744,0.3295816310203734,0.530616343908495,0.3122666912265481,0.7126852079893162,0.3295251102072707,0.11488501908436732,0.960195998630603,0.01795268351555457,0.017031522530967895,0.1297141579929939,0.1196474670257033,100,0.9486895101900192
