beta_p,r_1,b,r_2,beta_v,theta,mu,gamma,sigma_L,sigma_I,sigma_v,N_v,N_p,epsilon
0.7080101757466126,0.29162131763687027,0.7169385834005115,0.8795913832461817,0.5219983113035684,0.02418606750048613,0.39421261315511247,0.25904217851124156,9.334514762793233e-5,1.6584620501622546e-5,0.01449652390306877,1.0,1,0.17766987275790447
