rho_1,rho_2
0.8094428814819477,0.7530641545143458
