rho_1,rho_2
1.0751487797246784,0.9914592941660021
