rho_1,rho_2
1.1470191784613366,0.79200681299009
