rho_1,rho_2
0.9773210040161562,0.8240752719660958
