S_p_aster,L_p_aster,I_p_aster,S_v_aster,I_v_aster
0.7495914612423383,0.12613699112697327,0.12427154763068837,1.5467457789707149,0.3271637223992671
