S_p_aster,L_p_aster,I_p_aster,S_v_aster,I_v_aster
23.90949523889037,33.81521673946177,42.27528802164787,0.07989864511239372,0.25786128081954646
