S_p_aster,L_p_aster,I_p_aster,S_v_aster,I_v_aster
0.5613757245158135,0.22529063914118427,0.21333363634300218,0.23931441109000967,0.3338530266273022
