S_p_aster,L_p_aster,I_p_aster,S_v_aster,I_v_aster
44.08535317275515,29.457642678989366,26.457004148255493,0.07314730123629068,0.07345806766360641
