beta_p,r_1,b,r_2,beta_v,theta,mu,gamma,sigma_L,sigma_I,sigma_v,N_v,N_p,epsilon
0.24427628949534408,0.01792030192406724,0.16525515089413179,0.18399767254913438,0.815258177196696,0.38305929536533423,0.133705723895585,0.9120111009500611,0.09619914690549414,0.021864693718705155,0.04354526631635802,0.1466053688998971,100,0.22728573404278718
