rho_1,rho_2
1.3782482648868404,0.8196449377451077
