rho_1,rho_2
1.1607013426282728,0.7232823685613096
