rho_1,rho_2
0.9925533845863603,0.8235008004919933
