S_p_aster,L_p_aster,I_p_aster,S_v_aster,I_v_aster
51.935961198612716,12.75447813411391,35.309560667273374,0.11549166282728056,0.07019012049465934
