S_p_aster,L_p_aster,I_p_aster,S_v_aster,I_v_aster
36.050609458237396,37.350424118099475,26.59896642366313,0.02958685660931039,0.0417527001860413
