S_p_aster,L_p_aster,I_p_aster,S_v_aster,I_v_aster
56.85457904769066,17.096954597668688,26.048466354640652,0.7973828430850404,0.35437639717144936
