beta_p,r_1,b,r_2,beta_v,theta,mu,gamma,sigma_L,sigma_I,sigma_v,N_v,N_p,epsilon
0.9411834553196419,0.36192403093917913,0.6010710253087985,0.3945139759772419,0.5739649885800997,0.18797875594639457,0.9959234843204243,0.8646976290797008,0.004743353829836261,0.002064809073786648,0.14560124113012174,1.1517592402564898,100,0.4353057241479126
