beta_p,r_1,b,r_2,beta_v,theta,mu,gamma,sigma_L,sigma_I,sigma_v,N_v,N_p,epsilon
0.46430833588906295,0.9524571435013507,0.8615713004208772,0.4124533534422458,0.17437184860525856,0.7993532132460137,0.73062004370846,0.6383655907396877,0.2424825194754494,0.13106846646202153,0.7026851599155752,1.1445166442349675,1,0.540527485220607
